provider_id,code_basins,provider_country,country_code,provider_name,license_redistribution,platform,num_stations,start_date,end_date,website,source_license,source_streamflow,source_gauges_infos,references,observations
AT_EHYD,AT,AUSTRIA,AT,Hydrographische Archivdaten Österreichs (eHYD),-,Website,,,,https://ehyd.gv.at/,https://ehyd.gv.at/,https://ehyd.gv.at/,https://zenodo.org/record/5153305#.ZDUeaOZBwuU,"BML. Federal Ministry of Agriculture, Forestry, Regions and Water Management: WebGIS-Applikation eHYD, Wien, Austria, https://ehyd.gv.at (last access: 05 May 2023).",
BA_FHMZ,BA,Bosnia and Herzegovina,BO,Federalni hidrometeorološki zavod (FHMZ),-,Website,,,,https://www.fhmzbih.gov.ba/latinica/index.php,-,https://www.fhmzbih.gov.ba/latinica/HIDRO/godisnjaci.php,https://www.fhmzbih.gov.ba/latinica/HIDRO/godisnjaci.php,"FHMZBIH. Federalni hidrometeorološki zavod: Početna: idrologija: hidrološki godišnjaci, Bosnia. https://www.fhmzbih.gov.ba/latinica/HIDRO/godisnjaci.php (last access: 29 June 2023).",
BE_SPW,BEWA,BELGIUM,BE,Service public de Wallonie (SPW),No-redistribution,Website,,,,https://hydrometrie.wallonie.be/home.html,https://hydrometrie.wallonie.be/mentions-legales.html,https://hydrometrie.wallonie.be/home/observations/debit.html?mode=announcement,https://hydrometrie.wallonie.be/home/observations/debit.html?mode=announcement,"SPW. Service public de Wallonie: L’hydrométrie en Wallonie: Observations: Debit, Belgium. https://hydrometrie.wallonie.be/home/observations/debit.html?mode=announcement (last access: 07 Dec 2023).",
BE_WATERINFO,BEVL,BELGIUM,BE,Vlaanderen waterinfo ,Reproduction allowed,Website,,,,https://www.vlaanderen.be,https://www.waterinfo.be/default.aspx?path=NL/Algemene_Info/Disclaimer,https://www.waterinfo.be/kaartencatalogus?KL=en,https://www.waterinfo.be/kaartencatalogus?KL=en,"VW. Vlaanderen waterinfo, Belgium. https://www.waterinfo.be/kaartencatalogus?KL=en (last access: 07 Dec 2023).",
BG_GRDC,BGGR,BULGARIA,BG,Global Runoff Data Center (GRDC),No-redistribution,Website,,,,https://www.bafg.de/GRDC/EN,https://www.bafg.de/GRDC/EN/01_GRDC/12_plcy/data_policy.html?nn=2862854,https://www.bafg.de/GRDC/EN,https://www.bafg.de/GRDC/EN,"GRDC. Global Runoff Data Center: River discharge data. Federal Institute of Hydrology, 56068 Koblenz, Germany. https://www.bafg.de/GRDC (last access: 16 Feb 2024).",
BY_GRDC,BYGR,BELARUS,BY,Global Runoff Data Center (GRDC),No-redistribution,Website,,,,https://www.bafg.de/GRDC/EN,https://www.bafg.de/GRDC/EN/01_GRDC/12_plcy/data_policy.html?nn=2862854,https://www.bafg.de/GRDC/EN,https://www.bafg.de/GRDC/EN,"GRDC. Global Runoff Data Center: River discharge data. Federal Institute of Hydrology, 56068 Koblenz, Germany. https://www.bafg.de/GRDC (last access: 16 Feb 2024).",
CH_CAMELS,CH,SWITZERLAND,CH,Catchment Attributes and MEteorology for large-sample Studies - Switzerland (CAMELS-CH),CC-BY-4.0,Website,,,,https://zenodo.org/doi/10.5281/zenodo.7784632,https://zenodo.org/doi/10.5281/zenodo.7784632,https://zenodo.org/doi/10.5281/zenodo.7784632,https://zenodo.org/doi/10.5281/zenodo.7784632,"Höge, M. et al. CAMELS-CH: hydro-meteorological time series and landscape attributes for 331 catchments in hydrologic Switzerland. Earth Syst Sci Data 15, 5755–5784 (2023); BAFU. Federal Office for the Environment, Switzerland. https://www.bafu.admin.ch/bafu/en/home.html (last access: 15 May 2023).",
CY_GRDC,CYGR,CYPRUS,CY,Global Runoff Data Center (GRDC),No-redistribution,Website,,,,https://www.bafg.de/GRDC/EN,https://www.bafg.de/GRDC/EN/01_GRDC/12_plcy/data_policy.html?nn=2862854,https://www.bafg.de/GRDC/EN,https://www.bafg.de/GRDC/EN,"GRDC. Global Runoff Data Center: River discharge data. Federal Institute of Hydrology, 56068 Koblenz, Germany. https://www.bafg.de/GRDC (last access: 16 Feb 2024).",
CZ_CHMU,CZ,CZECHIA,CZ,Český hydrometeorologický ústav (CHMU),CC BY-NC-ND 3.0,Website,,,,https://isvs.chmi.cz,https://www.chmi.cz/podminky-uziti; https://creativecommons.org/licenses/by-nc-nd/3.0/cz/,https://isvs.chmi.cz/ords/f?p=11002:HOME:5026647009329:::::,https://isvs.chmi.cz/ords/f?p=11002:HOME:5026647009329:::::,CHMI. Czech Hydrometeorological Institute: ISVS - Evidence množství povrchových vod. https://isvs.chmi.cz/ords/f?p=11002:HOME:5026647009329::::: (last access: 10 Jul 2023).,
CZ_GRDC,CZGR,CZECHIA,CZ,Global Runoff Data Center (GRDC),No-redistribution,Website,,,,https://www.bafg.de/GRDC/EN,https://www.bafg.de/GRDC/EN/01_GRDC/12_plcy/data_policy.html?nn=2862854,https://www.bafg.de/GRDC/EN,https://www.bafg.de/GRDC/EN,"GRDC. Global Runoff Data Center: River discharge data. Federal Institute of Hydrology, 56068 Koblenz, Germany. https://www.bafg.de/GRDC (last access: 16 Feb 2024).",
DE_BB,DEBB,GERMANY,DE,Land Brandenburg Auskunftsplattform Wasser (APW),DL-DE-BY,Website,,,,https://apw.brandenburg.de,https://www.govdata.de/dl-de/by-2-0,https://apw.brandenburg.de/?th=owm_gkp/,https://apw.brandenburg.de/?th=owm_gkp/,LBAW. Land Brandenburg Auskunftsplattform Wasser. https://apw.brandenburg.de/?th=owm_gkp/ (last access: 12 Dec 2023).,
DE_BE,DEBE,GERMANY,DE,Das Wasserportal Berlin (Berlin),DL-DE-BY,Website,,,,https://wasserportal.berlin.de,https://daten.berlin.de/impressum,https://wasserportal.berlin.de/start.php,https://wasserportal.berlin.de/start.php,WB. Das Wasserportal Berlin: https://wasserportal.berlin.de/start.php (last access: 12 Dec 2023).,
DE_BW,DEBW,GERMANY,DE,Umweltinformationssystem (UIS) der LUBW Landesanstalt für Umwelt Baden-Württemberg,Redistribution allowed,Website,,,,https://udo.lubw.baden-wuerttemberg.de/public/,https://www.lubw.baden-wuerttemberg.de/umweltinformationssystem/nutzungsvereinbarung,https://udo.lubw.baden-wuerttemberg.de/public/processingChain?repositoryItemGlobalId=hydrologische_landespegel&conditionValuesSetHash=EAA0E0C&selector=hydrologische_landespegel&sourceOrderAsc=false&offset=0&limit=2147483647,https://udo.lubw.baden-wuerttemberg.de/public/processingChain?repositoryItemGlobalId=hydrologische_landespegel&conditionValuesSetHash=EAA0E0C&selector=hydrologische_landespegel&sourceOrderAsc=false&offset=0&limit=2147483647,"LUBW. State Agency for the Environment Baden-Württemberg – Hydrographic Service, Karlsruhe, Germany. https://udo.lubw.baden-wuerttemberg.de/public/ (last access: 12 Dec 2023).",
DE_BY,DEBY,GERMANY,DE,Bayerisches Landesamt fur Umwelt (GKD Bayern),-,Website,,,,https://www.gkd.bayern.de/en/,https://www.gkd.bayern.de/en/barrierefreiheit,https://www.gkd.bayern.de/en/rivers/discharge/tables,https://www.gkd.bayern.de/en/rivers/discharge/tables,"GKD. Bavarian State Office for the Environment – Hydrographic Service, Munich, Germany https://www.gkd.bayern.de/en/rivers/discharge/tables (last access: 12 Dec 2023).",
DE_HE,DEHE,GERMANY,DE,"Hessisches Landesamt für Naturschutz, Umwelt und Geologie (HLNUG)",-,Website,,,,https://www.hlnug.de,-,https://www.hlnug.de/static/pegel/wiskiweb3/webpublic/#/overview/Wasserstand?mode=table&filter=%7B%7D,https://www.hlnug.de/static/pegel/wiskiweb3/webpublic/#/overview/Wasserstand?mode=table&filter=%7B%7D,"HLNUG. Hessisches Landesamt für Naturschutz, Umwelt und Geologie. https://www.hlnug.de/static/pegel/wiskiweb3/webpublic/#/overview/Wasserstand?mode=table&filter=%7B%7D (last access: 12 Dec 2023).",
DE_NI,DENI,GERMANY,DE,"Niedersachsischer Landesbetrieb fur Wasserwirtschaft, Kusten- und Naturschutz (NLWKN)",DL-DE-BY,Website,,,,http://www.wasserdaten.niedersachsen.de,https://www.nlwkn.niedersachsen.de/opendata/nlwkn-daten-wichtige-informationen-zu-geodaten-und-anderen-datenbestanden-aus-unseren-aufgabenbereichen-196027.html,http://www.wasserdaten.niedersachsen.de/cadenza/pages/selector/index.xhtml;jsessionid=1E0F808EF58258C4EE5C777447D1ED4A,http://www.wasserdaten.niedersachsen.de/cadenza/pages/selector/index.xhtml;jsessionid=1E0F808EF58258C4EE5C777447D1ED4A,"NLWKN. Niedersachsischer Landesbetrieb fur Wasserwirtschaft, Kusten- und Naturschutz, http://www.wasserdaten.niedersachsen.de/cadenza/pages/selector/index.xhtml;jsessionid=1E0F808EF58258C4EE5C777447D1ED4A (last access: 12 Dec 2023).",
DE_NW,DENW,GERMANY,DE,"Ministerium fur Umwelt, Naturschutz und Verkehr des Landes Nordrhein-Westfalen (ELWAS-WEB)",DL-DE-BY,Website,,,,https://www.elwasweb.nrw.de/elwas-web/index.xhtml,https://www.elwasweb.nrw.de/elwas-web/data-objekt;jsessionid=DADDD7196B89E206917D18793294E375;jsessionid=E81B48EDE64705AE83F88BD9692BF427?art=Pegel#,https://www.elwasweb.nrw.de/elwas-web/data-objekt;jsessionid=DADDD7196B89E206917D18793294E375;jsessionid=F76CC7CC8ECFBA5F518ECD241AF0BA78?art=Pegel,https://www.elwasweb.nrw.de/elwas-web/data-objekt;jsessionid=DADDD7196B89E206917D18793294E375;jsessionid=F76CC7CC8ECFBA5F518ECD241AF0BA78?art=Pegel,"ELWAS-WEB. Ministerium fur Umwelt, Naturschutz und Verkehr des Landes Nordrhein-Westfalen, https://www.elwasweb.nrw.de/elwas-web/data-objekt;jsessionid=DADDD7196B89E206917D18793294E375;jsessionid=F76CC7CC8ECFBA5F518ECD241AF0BA78?art=Pegel (last access: 12 Dec 2023).",
DE_SH,DESH,GERMANY,DE,Schleswig-Holstein,DL-DE-BY and CC-BY,Website,,,,https://umweltportal.schleswig-holstein.de/portal/,https://umweltportal.schleswig-holstein.de/impressum,https://umweltportal.schleswig-holstein.de/kartendienste?lang=de&topic=thessd&bgLayer=sgx_geodatenzentrum_de_de_basemapde_web_raster_grau_DE_EPSG_25832_ADV&E=567583.34&N=5998716.15&zoom=4&layers=262b5c716ef5358fc1ac1e34afd45915,https://umweltportal.schleswig-holstein.de/kartendienste?lang=de&topic=thessd&bgLayer=sgx_geodatenzentrum_de_de_basemapde_web_raster_grau_DE_EPSG_25832_ADV&E=567583.34&N=5998716.15&zoom=4&layers=262b5c716ef5358fc1ac1e34afd45915,"Umweltportal. Schleswig-Holstein, Germany. https://umweltportal.schleswig-holstein.de/kartendienste?lang=de&topic=thessd&bgLayer=sgx_geodatenzentrum_de_de_basemapde_web_raster_grau_DE_EPSG_25832_ADV&E=567583.34&N=5998716.15&zoom=4&layers=262b5c716ef5358fc1ac1e34afd45915 (last access: 12 Dec 2023).",
DE_SN,DESN,GERMANY,DE,"Saxon State Office for Environment, Agriculture and Geology",Redistribution allowed,Website,,,,https://www.umwelt.sachsen.de,https://www.umwelt.sachsen.de/umwelt/infosysteme/lhwz/download/Nutzungsbedingungen.pdf,https://www.umwelt.sachsen.de/umwelt/infosysteme/ida/processingChain?conditionValuesSetHash=0A8BBED&selector=ROOT.Thema%20Wasser.Oberirdische%20Gew%C3%A4sser.Pegel.Wasserstand%20und%20Durchfluss.OWMN%3Aowmn_menge_tagesmittelwerte_v2.sel&sourceOrderAsc=false&columns=9dfa2224-c924-4328-9805-1d34cd748026&offset=0&limit=2147483647&executionConfirmed=false,https://www.umwelt.sachsen.de/umwelt/infosysteme/ida/processingChain?conditionValuesSetHash=0A8BBED&selector=ROOT.Thema%20Wasser.Oberirdische%20Gew%C3%A4sser.Pegel.Wasserstand%20und%20Durchfluss.OWMN%3Aowmn_menge_tagesmittelwerte_v2.sel&sourceOrderAsc=false&columns=9dfa2224-c924-4328-9805-1d34cd748026&offset=0&limit=2147483647&executionConfirmed=false,"ASOEAG. Saxon State Office for Environment, Agriculture and Geology: Datenportal fur Umweltdaten Sachsen (iDA), https://www.umwelt.sachsen.de/umwelt/infosysteme/ida/processingChain?conditionValuesSetHash=0A8BBED&selector=ROOT.Thema%20Wasser.Oberirdische%20Gew%C3%A4sser.Pegel.Wasserstand%20und%20Durchfluss.OWMN%3Aowmn_menge_tagesmittelwerte_v2.sel&sourceOrderAsc=false&columns=9dfa2224-c924-4328-9805-1d34cd748026&offset=0&limit=2147483647&executionConfirmed=false (last access: 12 Dec 2023).",
DE_ST,DEST,GERMANY,DE,Landesbetrieb fur Hochwasserschutz und Wasserwirtschaft Sachsen-Anhalt (LHW),Redistribution allowed,Website,,,,https://gld.lhw-sachsen-anhalt.de,https://gld.lhw-sachsen-anhalt.de,https://gld.lhw-sachsen-anhalt.de/,https://gld.lhw-sachsen-anhalt.de/,"LHW. Landesbetrieb fur Hochwasserschutz und Wasserwirtschaft Sachsen-Anhalt, https://gld.lhw-sachsen-anhalt.de/ (last access: 12 Dec 2023).",
DE_TH,DETH,GERMANY,DE,"Freistaat Thüringen: Landesamt für Umwelt, Bergbau und Naturschutz. Hochwasser Nachrichten Zentrale",-,Contact form,,,,https://hnz.thueringen.de,-,https://hnz.thueringen.de/hw-portal/datenladen.html,https://hnz.thueringen.de/hw-portal/datenladen.html,"LUBN. Landesamt für Umwelt, Bergbau und Naturschutz. Hochwasser Nachrichten Zentrale: Freistaat Thüringen. https://hnz.thueringen.de (data received: 13 Mar 2023).",
DE_BU,DEBU,GERMANY,DE,Bundesanstalt für Gewässerkunde,-,Contact form,,,,https://www.bafg.de/DE/Home/homepage_node.html,-,https://www.pegelonline.wsv.de/gast/karte/standard,https://www.pegelonline.wsv.de/gast/karte/standard,"BFG. Bundesanstalt für Gewässerkunde, Germany. https://www.bafg.de/DE/Home/homepage_node.html (data received: 13 Mar 2023).",
DE_RP,DERP,GERMANY,DE,"Rheinland-Pfalz: Ministerum für klimaschutz, umwelt, energie und mobilität",-,Contact form,,,,https://wasserportal.rlp-umwelt.de,https://wasserportal.rlp-umwelt.de/kartendienste,https://wasserportal.rlp-umwelt.de/auskunftssysteme/wasserstand-und-abfluss/karte-der-pegel,https://wasserportal.rlp-umwelt.de/auskunftssysteme/wasserstand-und-abfluss/karte-der-pegel,"MKUEM. Ministerum für klimaschutz, umwelt, energie und mobilität: Rheinland-Pfalz, Germany. https://wasserportal.rlp-umwelt.de (data received: 13 Mar 2023).",
DK_ODA,DK,DENMARK,DK,Overfladevandsdatabasen (ODA),PSI Act/CC0/CC-BY,Website,,,,https://odaforalle.au.dk/login.aspx,https://odaforalle.au.dk/main.aspx; https://arealdata.miljoeportal.dk/terms,https://odaforalle.au.dk/login.aspx,https://odaforalle.au.dk/login.aspx,"ODA. Overfladevandsdatabasen: Aarhus University, Denmark. https://odaforalle.au.dk/login.aspx (last access: 17 Jul 2023).",One needs to leave their e-mail to access the data. 
EE_GRDC,EEGR,ESTONIA,EE,Global Runoff Data Center (GRDC),No-redistribution,Website,,,,https://www.bafg.de/GRDC/EN,https://www.bafg.de/GRDC/EN/01_GRDC/12_plcy/data_policy.html?nn=2862854,https://www.bafg.de/GRDC/EN,https://www.bafg.de/GRDC/EN,"GRDC. Global Runoff Data Center: River discharge data. Federal Institute of Hydrology, 56068 Koblenz, Germany. https://www.bafg.de/GRDC (last access: 16 Feb 2024).",
ES_CEDEX,ES,SPAIN,ES,Centro de Estudios y Experimentación de Obras Publicas (CEDEX),-,Website,,,,https://ceh.cedex.es/anuarioaforos/default.asp,Hydrological yearbooks,https://ceh.cedex.es/anuarioaforos/demarcaciones.asp,https://ceh.cedex.es/anuarioaforos/demarcaciones.asp,"CEDEX. Centro de Estudios y Experimentación de Obras Publicas: Anuario de aforos 2019-2020, Spain. https://ceh.cedex.es/anuarioaforos/demarcaciones.asp (last access: 12 Apr 2023).","The user can download the data per hydrological region (e.g., AUGAS DE GALICIA – XUNTA DE GALICIA, C.H. CANTABRICO) and daily streamflow is called: ""AFLIQ.CSV"". "
FI_SYKE,FI,FINLAND,FI,Finish Environmental Institute (SYKE),CC BY 4.0,Website,,,,https://www.syke.fi,https://www.syke.fi/fi-FI/Avoin_tieto/Kayttolupa_ja_vastuut,https://wwwp2.ymparisto.fi/scripts/kirjaudu.asp,https://wwwp2.ymparisto.fi/scripts/kirjaudu.asp,"FEI. Finish Environmental Institute, Finland. https://wwwp2.ymparisto.fi/scripts/kirjaudu.asp (last access: 10 Jul 2023).",Link to make an account: https://www.syke.fi/fi-FI/Avoin_tieto/Ymparistotietojarjestelmat/Rekisteroityminen;
FR_EAUFRANCE,FR,FRANCE,FR,BanqueHydro: Hydro Portail,-,Website,,,,https://www.hydro.eaufrance.fr,-,https://www.hydro.eaufrance.fr,https://www.hydro.eaufrance.fr,"BanqueHydro. Hydro Portail, France. https://www.hydro.eaufrance.fr/ (last access: 06 Jul 2023).",
GB_NRFA,GB,GREAT BRITAIN,GB,National River flow Archive (NRFA) – UK Centre for Ecology & Hydrology,No-redistribution,Website,,,,https://nrfa.ceh.ac.uk,https://eidc.ceh.ac.uk/licences/nrfa-data-terms-and-conditions-for-api-access-to-time-series-data-and-metadata/plain,https://nrfaapps.ceh.ac.uk/nrfa/nrfa-api.html,https://nrfaapps.ceh.ac.uk/nrfa/nrfa-api.html,"NRFA. National River Flow Archive API, United Kingdom.  https://nrfaapps.ceh.ac.uk/nrfa/nrfa-api.html (last access: 07 Jul 2023).","The user can either use an API, or the online portal for the data download. The API is a easier way to download data from many stations at once. "
GR_GRDC,GRGR,GREECE,GR,Global Runoff Data Center (GRDC),No-redistribution,Website,,,,https://www.bafg.de/GRDC/EN,https://www.bafg.de/GRDC/EN/01_GRDC/12_plcy/data_policy.html?nn=2862854,https://www.bafg.de/GRDC/EN,https://www.bafg.de/GRDC/EN,"GRDC. Global Runoff Data Center: River discharge data. Federal Institute of Hydrology, 56068 Koblenz, Germany. https://www.bafg.de/GRDC (last access: 16 Feb 2024).",
GR_HCMR,GRHC,GREECE,GR,Institute of Marine Biological Resources and Inland Waters (HCMR),No-redistribution,Website,,,,https://hydro-stations.hcmr.gr,https://hydro-stations.hcmr.gr/όροι-χρήσης-της-ιστοσελίδας-hydro-stations-hcmr-gr/,https://hydro-stations.hcmr.gr/%cf%80%ce%b1%cf%81%ce%bf%cf%87%ce%ae-%cf%80%ce%bf%cf%84%ce%b1%ce%bc%cf%8e%ce%bd/,https://hydro-stations.hcmr.gr/%cf%80%ce%b1%cf%81%ce%bf%cf%87%ce%ae-%cf%80%ce%bf%cf%84%ce%b1%ce%bc%cf%8e%ce%bd/,"HCRM. Institute of Marine Biological Resources and Inland Waters, Greece. https://hydro-stations.hcmr.gr/%cf%80%ce%b1%cf%81%ce%bf%cf%87%ce%ae-%cf%80%ce%bf%cf%84%ce%b1%ce%bc%cf%8e%ce%bd/ (last access: 12 Oct 2023).",
GR_OPENHI,GROH,GREECE,GR,Open Hydrosystem Information Network (OpenHI),-,Website,,,,https://openhi.net/en/,-,https://openhi.net/en/,https://openhi.net/en/,"OHIN. Open Hydrosystem Information Network, Greece. https://openhi.net/en/ (last access: 12 Oct 2023).",
HR_DHZ,HR,CROATIA,HR,Croatian Meteorological and Hydrological Service (DHZ),-,Website,,,,https://hidro.dhz.hr/,https://meteo.hr/proizvodi.php?section=katalog_zahtjevi&param=zahtjev_podaci_usluge,https://hidro.dhz.hr/,https://hidro.dhz.hr/,DHZ. Croatian Meteorological and Hydrological Service. https://hidro.dhz.hr/ (last access: 08 Oct 2023).,
HU_CONTACTFORM,HU,HUNGARY,HU,General Directorate of Water Managment (OVF),Processed data can be published,Contact form,,,,https://ovf.hu,https://ovf.hu/kozerdeku/adatigenyles,https://ovf.hu/kozerdeku/adatigenyles,https://ovf.hu/kozerdeku/adatigenyles,OVF. General Directorate of Water Management. https://ovf.hu/kozerdeku/adatigenyles (data received: 18 Aug 2023).,
HU_GRDC,HUGR,HUNGARY,HU,Global Runoff Data Center (GRDC),No-redistribution,Website,,,,https://www.bafg.de/GRDC/EN,https://www.bafg.de/GRDC/EN/01_GRDC/12_plcy/data_policy.html?nn=2862854,https://www.bafg.de/GRDC/EN,https://www.bafg.de/GRDC/EN,"GRDC. Global Runoff Data Center: River discharge data. Federal Institute of Hydrology, 56068 Koblenz, Germany. https://www.bafg.de/GRDC (last access: 16 Feb 2024).",
IE_EPA,IEEP,IRELAND,IE,Environmental Protection Agency (EPA),CC BY 4.0,Website,,,,https://epawebapp.epa.ie,https://epawebapp.epa.ie/hydronet/#Disclaimer,https://epawebapp.epa.ie/hydronet/#Flow,https://epawebapp.epa.ie/hydronet/#Flow,"EPA. Environmental Protection Agency, Ireland. https://epawebapp.epa.ie/hydronet/#Flow (last access: 27 Jun 2023).",
IE_OPW,IEOP,IRELAND,IE,Office of Public Works (OPW),CC BY 4.0,Website,,,,https://waterlevel.ie,https://waterlevel.ie/faq/#license,https://waterlevel.ie/hydro-data,https://waterlevel.ie/hydro-data,"OPW. Office of Public Works, Ireland. https://waterlevel.ie/hydro-data (last access: 27 Jun 2023).",
IS_GRDC,ISGR,ICELAND,IS,Global Runoff Data Center (GRDC),No-redistribution,Website,,,,https://www.bafg.de/GRDC/EN,https://www.bafg.de/GRDC/EN/01_GRDC/12_plcy/data_policy.html?nn=2862854,https://www.bafg.de/GRDC/EN,https://www.bafg.de/GRDC/EN,"GRDC. Global Runoff Data Center: River discharge data. Federal Institute of Hydrology, 56068 Koblenz, Germany. https://www.bafg.de/GRDC (last access: 16 Feb 2024).",
IT_ABR_CONTACTFORM,ITAB,ITALY,IT,"Centro Funzionale e Ufficio Idrologia, Idrografico, Mareografico- Agenzia di Protezione Civile della Regione Abruzzo",No-redistribution,Contact form,,,,https://www.regione.abruzzo.it,-,https://www.regione.abruzzo.it/content/annali-idrologici,https://www.regione.abruzzo.it/content/annali-idrologici,"APC Abruzzo. Centro Funzionale e Ufficio Idrologia, Idrografico, Mareografico: Agenzia di Protezione Civile della Regione Abruzzo, Italy (data received: 02 August 2023).",
IT_EMI,ITEM,ITALY,IT,Agenzia Prevenzione Ambiente Energia - Emilia-Romagna (ARPAE-Emilia-Romagna),-,Website,,,,https://simc.arpae.it/dext3r/,-,https://simc.arpae.it/dext3r/,https://www.arpae.it/it/temi-ambientali/meteo/report-meteo/annali-idrologici,"ARPAE Emilia-Romagna. Agenzia Prevenzione Ambiente Energia - Emilia-Romagna, Italy. https://simc.arpae.it/dext3r/  (last access: 04 Nov 2023).",
IT_GRDC,ITGR,ITALY,IT,Global Runoff Data Center (GRDC),No-redistribution,Website,,,,https://www.bafg.de/GRDC/EN,https://www.bafg.de/GRDC/EN/01_GRDC/12_plcy/data_policy.html?nn=2862854,https://www.bafg.de/GRDC/EN,https://www.bafg.de/GRDC/EN,"GRDC. Global Runoff Data Center: River discharge data. Federal Institute of Hydrology, 56068 Koblenz, Germany. https://www.bafg.de/GRDC (last access: 16 Feb 2024).",
IT_ISPRA,ITIS,ITALY,IT,Institute Superiore per la Protezione e la Ricerca Ambientale (ISPRA),-,Website,,,,http://www.hiscentral.isprambiente.gov.it/hiscentral/,-,http://www.hiscentral.isprambiente.gov.it/hiscentral/hydromap.aspx?map=obsclient,http://www.hiscentral.isprambiente.gov.it/hiscentral/hydromap.aspx?map=obsclient,"ISPRA. Institute Superiore per la Protezione e la Ricerca Ambientale, Italy. http://www.hiscentral.isprambiente.gov.it/hiscentral/hydromap.aspx?map=obsclient, (last access: 30 December 2023).","The users should click on the gauges in the map and select ""More Info"" to download the data. Howerver, at the moment of this publication the website shows the ""StartDate"" as the same as the ""EndDate"", which we assume is a mistake. To download users should (1) click in ""More Info""; (2) when redirected to the next page users can alter the URL by deleting the part with ""startDate"" and ""endDate"" (""&startDate=XXXX-XX-XX&endDateXXXX-XX-XX"". (3) after refresh the page, users will have access to the full time-series. "
IT_LIG_CONTACTFORM,ITLI,ITALY,IT,Agenzia Regionale per la Protezione dell Ambiente - Liguria (ARPA-Liguria),No-redistribution,Contact form,,,,https://www.arpal.liguria.it,-,https://www.arpal.liguria.it/arpal/contatti.html,https://www.arpal.liguria.it/arpal/contatti.html,"ARPAL Liguria. Agenzia Regionale per la Protezione dell Ambiente - Liguria, Italy. https://www.arpal.liguria.it (data received: 08 Jun 2023).",
IT_LOM,ITLW,ITALY,IT,Agenzia Regionale per la Protezione dell Ambiente - Lombardia (ARPA-Lombardia) - Website,-,Website,,,,https://idro.arpalombardia.it/manual/dati_storici.html,-,https://idro.arpalombardia.it/manual/dati_storici.html,https://idro.arpalombardia.it/it/map/sidro/,"ARPA Lombardia. Agenzia Regionale per la Protezione dell Ambiente - Lombardia, Italy. https://idro.arpalombardia.it/manual/dati_storici.html (last access: 24 May 2023).",
IT_LOM_CONTACTFORM,ITLC,ITALY,IT,Agenzia Regionale per la Protezione dell Ambiente - Lombardia (ARPA-Lombardia) - Contact form,No-redistribution,Contact form,,,,https://idro.arpalombardia.it,-,https://idro.arpalombardia.it/it/map/sidro/#,https://idro.arpalombardia.it/it/map/sidro/,"ARPA Lombardia. Agenzia Regionale per la Protezione dell Ambiente - Lombardia, Italy. (data received: 17 Jun 2023).",
IT_PIE,ITPI,ITALY,IT,Agenzia Regionale per la Protezione dell Ambiente - Piemonte (ARPA-Piemonte),CC BY 4.0,Website,,,,https://www.arpa.piemonte.it,https://www.arpa.piemonte.it/note-legali,https://www.arpa.piemonte.it/rischi_naturali/snippets_arpa_graphs/map_meteoweb/?rete=stazione_meteorologica,https://www.arpa.piemonte.it/rischi_naturali/snippets_arpa_graphs/map_sensori/,"ARPA Piemonte. Agenzia Regionale per la Protezione dell Ambiente - Piemonte, Italy. https://www.arpa.piemonte.it/ rischi_naturali/snippets_arpa_graphs/map_meteoweb/?rete= stazione_meteorologica (last access: 22 May 2023).",
IT_SAR,ITSA,ITALY,IT,Agenzia Regionale per la Protezione dell Ambiente - Sardegna (ARPA-Sardegna),-,Website,,,,https://www.sardegnaambiente.it,https://www.sardegnaambiente.it/index.php?xsl=621&s=21&v=9&c=4624&nodesc=1,https://www.sardegnaambiente.it/index.php?xsl=611&s=21&v=9&c=93749&na=1&n=10,https://www.sardegnaambiente.it/index.php?xsl=611&s=21&v=9&c=93749&na=1&n=10,"ARPA Sardegna. Agenzia Regionale per la Protezione dell Ambiente - Sardegna, Italy. https://www.sardegnaambiente.it/index.php?xsl=611&s=21&v=9&c=93749&na=1&n=10 (last access: 30 December 2023).",
IT_TOS,ITTO,ITALY,IT,Agenzia Regionale per la Protezione dell Ambiente - Toscana (ARPA-Toscana),-,Website,,,,http://www.sir.toscana.it,-,http://www.sir.toscana.it/consistenza-rete,http://www.sir.toscana.it/index.php?IDS=8&IDSS=38,"ARPA Toscana. Agenzia Regionale per la Protezione dell Ambiente - Toscana, Italy. http://www.sir.toscana.it/consistenza-rete (last access: 16 Jun 2023).",
IT_TRE,ITTR,ITALY,IT,Servizio Prevenzioni Rischi Ufficio Dighe - Trentino-Alto Adige Trento (SPRUD-Trentino),CC BY 4.0,Website,,,,https://www.floods.it/public/homepage.php,https://www.floods.it/public/DatiStorici.php,https://www.floods.it/public/DatiStorici.php,https://www.meteotrentino.it/index.html#!/content?menuItemDesktop=80,"SPRUD Trentino. Servizio Prevenzioni Rischi Ufficio Dighe - Trentino-Alto Adige Trento, Italy. https://www.floods.it/public/DatiStorici.php (last access: 24 May 2023).",
IT_UMB,ITUM,ITALY,IT,Agenzia Regionale per la Protezione dell Ambiente - Umbria (ARPA-Umbria),-,Website,,,,https://annali.regione.umbria.it,-,https://annali.regione.umbria.it,https://servizioidrografico.regione.umbria.it/stazione/; https://servizioidrografico.regione.umbria.it/pubblicazioni/,"ARPA Umbria. Agenzia Regionale per la Protezione dell Ambiente - Umbria, Italy. https://annali.regione.umbria.it (last access: 22 May 2023).",
IT_VAL,ITVA,ITALY,IT,Centro Funzionale Regione Autonoma Valle d'Aosta,-,Website,,,,https://presidi2.regione.vda.it/str_dataview_download,-,https://presidi2.regione.vda.it/str_dataview_download,https://presidi2.regione.vda.it/str_dataview_download,"CFRA Valle d’Aosta. Centro Funzionale Regione Autonoma Valle d’Aosta, Italy. https://presidi2.regione.vda.it/str_dataview_download (last access: 19 May 2023).",
IT_VEN,ITVE,ITALY,IT,Agenzia Regionale per la Prevenzione e Protezione Ambientale del Veneto (ARPAV-Veneto),No-redistribution,Contact form,,,,https://www.arpa.veneto.it,-,https://www.arpa.veneto.it,https://www.arpa.veneto.it/temi-ambientali/idrologia/dati/portate-e-livelli-idrometrici,"ARPAV Veneto. Agenzia Regionale per la Prevenzione e Protezione Ambientale del Veneto, Italy. https://www.arpa.veneto.it/ (data received: 30 Jun 2023).",
LT_GRDC,LTGR,LITHUANIA,LT,Global Runoff Data Center (GRDC),No-redistribution,Website,,,,https://www.bafg.de/GRDC/EN,https://www.bafg.de/GRDC/EN/01_GRDC/12_plcy/data_policy.html?nn=2862854,https://www.bafg.de/GRDC/EN,https://www.bafg.de/GRDC/EN,"GRDC. Global Runoff Data Center: River discharge data. Federal Institute of Hydrology, 56068 Koblenz, Germany. https://www.bafg.de/GRDC (last access: 16 Feb 2024).",
LU_CONTACTFORM,LU,LUXEMBURG,LU,The National Geoportal of the Grand-Dutchy of Luxembourg (NGGL),-,Contact form,,,,https://map.geoportail.lu,https://www.geoportail.lu/en/about-us/terms-conditions/,https://map.geoportail.lu/theme/eau?version=3&zoom=11&X=711893&Y=6404363&lang=en&rotation=0&layers=655-749&opacities=1-1&bgLayer=topo_bw_jpeg&time=--&crosshair=false,https://map.geoportail.lu/theme/eau?version=3&zoom=11&X=711893&Y=6404363&lang=en&rotation=0&layers=655-749&opacities=1-1&bgLayer=topo_bw_jpeg&time=--&crosshair=false,NGGL. The National Geoportal of the Grand-Dutchy of Luxembourg. https://map.geoportail.lu (data received: 13 Mar 2023).,
LV_GRDC,LVGR,LATVIA,LV,Global Runoff Data Center (GRDC),No-redistribution,Website,,,,https://www.bafg.de/GRDC/EN,https://www.bafg.de/GRDC/EN/01_GRDC/12_plcy/data_policy.html?nn=2862854,https://www.bafg.de/GRDC/EN,https://www.bafg.de/GRDC/EN,"GRDC. Global Runoff Data Center: River discharge data. Federal Institute of Hydrology, 56068 Koblenz, Germany. https://www.bafg.de/GRDC (last access: 16 Feb 2024).",
MD_GRDC,MDGR,MOLDOVA,MD,Global Runoff Data Center (GRDC),No-redistribution,Website,,,,https://www.bafg.de/GRDC/EN,https://www.bafg.de/GRDC/EN/01_GRDC/12_plcy/data_policy.html?nn=2862854,https://www.bafg.de/GRDC/EN,https://www.bafg.de/GRDC/EN,"GRDC. Global Runoff Data Center: River discharge data. Federal Institute of Hydrology, 56068 Koblenz, Germany. https://www.bafg.de/GRDC (last access: 16 Feb 2024).",
MK_GRDC,MKGR,NORTH MACEDONIA,MK,Global Runoff Data Center (GRDC),No-redistribution,Website,,,,https://www.bafg.de/GRDC/EN,https://www.bafg.de/GRDC/EN/01_GRDC/12_plcy/data_policy.html?nn=2862854,https://www.bafg.de/GRDC/EN,https://www.bafg.de/GRDC/EN,"GRDC. Global Runoff Data Center: River discharge data. Federal Institute of Hydrology, 56068 Koblenz, Germany. https://www.bafg.de/GRDC (last access: 16 Feb 2024).",
NI_NRFA,NI,NORTHERN IRELAND,NI,National River flow Archive (NRFA) – UK Centre for Ecology & Hydrology,No-redistribution,Website,,,,https://nrfa.ceh.ac.uk,https://eidc.ceh.ac.uk/licences/nrfa-data-terms-and-conditions-for-api-access-to-time-series-data-and-metadata/plain,https://nrfaapps.ceh.ac.uk/nrfa/nrfa-api.html,https://nrfaapps.ceh.ac.uk/nrfa/nrfa-api.html,"NRFA. National River Flow Archive API, United Kingdom.  https://nrfaapps.ceh.ac.uk/nrfa/nrfa-api.html (last access: 07 Jul 2023).","The user can either use an API, or the online portal for the data download. The API is a easier way to download data from many stations at once. "
NL_RWS,NL,NETHERLANDS,NL,Rijkswaterstaat waterinfo (RWS),CC0,Website,,,,https://waterinfo.rws.nl,https://waterinfo.rws.nl/#/copyright,https://waterinfo.rws.nl/#/publiek/waterafvoer,https://waterinfo.rws.nl/#/publiek/waterafvoer,"RWS. Rijkswaterstaat waterinfo, The Netherlands. https://waterinfo.rws.nl/#/publiek/waterafvoer (last access: 07 Dec 2023).",
NO_NVE,NO,NORWAY,NO,Norwegian Water Resources and Energy Directorate (NVE),NLOD,Website,,,,https://seriekart.nve.no,https://data.norge.no/nlod/no,https://seriekart.nve.no,https://seriekart.nve.no,"NVE. Norwegian Water Resources and Energy Directorate, Norway. https://seriekart.nve.no (last access: 10 Jul 2023).",
PL_IMGW,PL,POLAND,PL,Institute of Meteorology and Water Management (IMGW),-,Website,,,,https://danepubliczne.imgw.pl,https://danepubliczne.imgw.pl/regulations,https://danepubliczne.imgw.pl/introduction,https://danepubliczne.imgw.pl/introduction,"IMGW-PIB. Institute of Meteorology and Water Management - National Research Institute, Warszawa, Poland. https://danepubliczne.imgw.pl/introduction (last access: 30 Dec 2023).",
PT_SNIRH,PT,PORTUGAL,PT,Sistema nacional de Informacao de Recursos Hidricos (SNIRH),-,Website,,,,https://snirh.apambiente.pt,-,https://snirh.apambiente.pt/index.php?idMain=2&idItem=1,https://snirh.apambiente.pt/index.php?idMain=2&idItem=1,"SNIRH. Sistema Nacional de Informação de Recursos Hídricos: Dados de Base, Portugal. https://snirh.apambiente.pt/index.php?idMain=2&idItem=1 (last access: 11 Apr 2023).","One should click: ""Dados de Base"" > ""Monitorizacao"" > ""Redes"" > ""Hidrometrica"" > ""Aplicar filtros"". Then one should select the stations, then click in ""Selecionar Estacoes"" > ""Validar Lista"". Then one should select ""Nivel Medio Diario"" (= Mean daily streamflow). Then click in ""Guardar Dados"" and download the data in CSV-file. Notice that one can currently select up to 50 stations to download at a time. For stations metadata one can simply click in ""Caracteristicas das Estacoes"" in the lower right and download the CSV-file. "
RO_GRDC,ROGR,ROMANIA,RO,Global Runoff Data Center (GRDC),No-redistribution,Website,,,,https://www.bafg.de/GRDC/EN,https://www.bafg.de/GRDC/EN/01_GRDC/12_plcy/data_policy.html?nn=2862854,https://www.bafg.de/GRDC/EN,https://www.bafg.de/GRDC/EN,"GRDC. Global Runoff Data Center: River discharge data. Federal Institute of Hydrology, 56068 Koblenz, Germany. https://www.bafg.de/GRDC (last access: 16 Feb 2024).",
RS_RHMS,RS,SERBIA,RS,Republic Hydrometeorological Service of Serbia (RHMS),-,Website,,,,https://www.hidmet.gov.rs,Hydrological yearbooks,https://www.hidmet.gov.rs/latin/hidrologija/povrsinske_godisnjaci.php,https://www.hidmet.gov.rs/latin/hidrologija/povrsinske_godisnjaci.php,RHSS. Republic Hydrometeorological Service of Serbia. https://www.hidmet.gov.rs/latin/hidrologija/povrsinske_godisnjaci.php (last access: 23 Jun 2023).,
RU_GRDC,RUGR,RUSSIA,RU,Global Runoff Data Center (GRDC),No-redistribution,Website,,,,https://www.bafg.de/GRDC/EN,https://www.bafg.de/GRDC/EN/01_GRDC/12_plcy/data_policy.html?nn=2862854,https://www.bafg.de/GRDC/EN,https://www.bafg.de/GRDC/EN,"GRDC. Global Runoff Data Center: River discharge data. Federal Institute of Hydrology, 56068 Koblenz, Germany. https://www.bafg.de/GRDC (last access: 16 Feb 2024).",
SE_SMHI,SE,SWEDEN,SE,Swedish Meteorological and Hydrological Institute (SMHI),CC BY 4.0,Website,,,,https://www.smhi.se,https://www.smhi.se/data/oppna-data/villkor-for-anvandning-1.30622,"https://www.smhi.se/data/hydrologi/ladda-ner-hydrologiska-observationer#param=waterdischargeDaily,stations=core","https://www.smhi.se/data/hydrologi/ladda-ner-hydrologiska-observationer#param=waterdischargeDaily,stations=core","SMHI. Swedish Meteorological and Hydrological Institute, Sweden. https://www.smhi.se/data/hydrologi/ladda-ner-hydrologiska-observationer#param=waterdischargeDaily,stations=core (last access: 30 Dec 2023).",
SI_ARSO,SI,SLOVENIA,SI,Agencija Republike Slovenije za Okolje (ARSO),-,Website,,,,https://vode.arso.gov.si,https://vode.arso.gov.si/hidarhiv/pov_arhiv_tab.php?p_vodotok=Bača&p_postaja=8500&p_leto=1940&b_arhiv=Prikaži,https://vode.arso.gov.si/hidarhiv/,https://vode.arso.gov.si/hidarhiv/,"ARSO. Agencija Republike Slovenije za Okolje, Ljubljana, Slovenia. https://vode.arso.gov.si/hidarhiv/ (last access: 23 Jun 2023).",
SK_GRDC,SKGR,SLOVAKIA,SK,Global Runoff Data Center (GRDC),No-redistribution,Website,,,,https://www.bafg.de/GRDC/EN,https://www.bafg.de/GRDC/EN/01_GRDC/12_plcy/data_policy.html?nn=2862854,https://www.bafg.de/GRDC/EN,https://www.bafg.de/GRDC/EN,"GRDC. Global Runoff Data Center: River discharge data. Federal Institute of Hydrology, 56068 Koblenz, Germany. https://www.bafg.de/GRDC (last access: 16 Feb 2024).",
TR_GRDC,TRGR,TURKEY,TR,Global Runoff Data Center (GRDC),No-redistribution,Website,,,,https://www.bafg.de/GRDC/EN,https://www.bafg.de/GRDC/EN/01_GRDC/12_plcy/data_policy.html?nn=2862854,https://www.bafg.de/GRDC/EN,https://www.bafg.de/GRDC/EN,"GRDC. Global Runoff Data Center: River discharge data. Federal Institute of Hydrology, 56068 Koblenz, Germany. https://www.bafg.de/GRDC (last access: 16 Feb 2024).",
UA_GRDC,UAGR,UKRAINE,UA,Global Runoff Data Center (GRDC),No-redistribution,Website,,,,https://www.bafg.de/GRDC/EN,https://www.bafg.de/GRDC/EN/01_GRDC/12_plcy/data_policy.html?nn=2862854,https://www.bafg.de/GRDC/EN,https://www.bafg.de/GRDC/EN,"GRDC. Global Runoff Data Center: River discharge data. Federal Institute of Hydrology, 56068 Koblenz, Germany. https://www.bafg.de/GRDC (last access: 16 Feb 2024).",